Name,Author,Avg Rating,Rating Count,Score,Vote Count
The Lord of the Rings (Middle Earth\, #2-4),J.R.R. Tolkien,4.53,693870,8686.0,89
Harry Potter and the Sorcerer's Stone (Harry Potter\, #1),J.K. Rowling,4.47,10508774,7453.0,77
Gone with the Wind,Margaret Mitchell,4.31,1236901,4935.0,50
The Godfather (The Godfather\, #1),Mario Puzo,4.39,435524,4674.0,48
To Kill a Mockingbird,Harper Lee,4.26,6383637,4373.0,45
Harry Potter and the Deathly Hallows (Harry Potter\, #7),J.K. Rowling,4.62,3849464,4329.0,46
The Hunger Games (The Hunger Games\, #1),Suzanne Collins,4.34,9043838,4237.0,44
Pride and Prejudice,Jane Austen,4.29,4411680,3848.0,41
The Help,Kathryn Stockett,0.0,0,3696.0,39
The Silence of the Lambs  (Hannibal Lecter\, #2),Thomas  Harris,4.25,563514,3383.0,36
The Girl with the Dragon Tattoo (Millennium\, #1),Stieg Larsson,4.17,3273670,3086.0,34
The Princess Bride,William Goldman,4.27,916607,2942.0,31
Different Seasons,Stephen        King,0.0,0,2925.0,31
The Green Mile,Stephen        King,0.0,0,2924.0,31
The Hobbit (The Lord of the Rings\, #0),J.R.R. Tolkien,4.29,4170391,2885.0,32
A Game of Thrones (A Song of Ice and Fire\, #1),George R.R. Martin,4.44,2576823,2855.0,30
Harry Potter and the Chamber of Secrets (Harry Potter\, #2),J.K. Rowling,4.43,4122348,2730.0,31
Harry Potter and the Prisoner of Azkaban (Harry Potter\, #3),J.K. Rowling,4.58,4409174,2642.0,31
The Lion\, the Witch and the Wardrobe (Chronicles of Narnia\, #1),C.S. Lewis,4.24,2903388,2557.0,28
Harry Potter and the Half-Blood Prince (Harry Potter\, #6),J.K. Rowling,4.58,3408779,2370.0,27
Jane Eyre,Charlotte Brontë,4.15,2164624,2303.0,25
The Shining (The Shining\, #1),Stephen        King,0.0,0,2216.0,24
Harry Potter and the Goblet of Fire (Harry Potter\, #4),J.K. Rowling,4.57,3867839,2129.0,25
Misery,Stephen        King,0.0,0,2105.0,23
The Notebook (The Notebook\, #1),Nicholas Sparks,0.0,0,2063.0,22
Dracula,Bram Stoker,4.02,1333587,2020.0,22
One Flew Over the Cuckoo’s Nest,Ken Kesey,4.2,748794,1998.0,22
Sense and Sensibility,Jane Austen,4.09,1230000,1953.0,22
The Exorcist,William Peter Blatty,4.2,247139,1907.0,21
Jaws (Jaws\, #1),Peter Benchley,3.95,168452,1858.0,21
Jurassic Park (Jurassic Park\, #1),Michael Crichton,4.11,988776,1811.0,21
Harry Potter and the Order of the Phoenix (Harry Potter\, #5),J.K. Rowling,4.5,3522599,1799.0,22
Anne of Green Gables (Anne of Green Gables\, #1),L.M. Montgomery,4.32,1024616,1691.0,19
Carrie,Stephen        King,0.0,0,1665.0,19
A Christmas Carol,Charles Dickens,4.08,856444,1662.0,19
The Lovely Bones,Alice Sebold,3.86,2397423,1584.0,17
The Wonderful Wizard of Oz (Oz\, #1),L. Frank Baum,4.0,470274,1583.0,19
The Color Purple,Alice Walker,4.27,711242,1463.0,16
A Walk to Remember,Nicholas Sparks,0.0,0,1455.0,16
The Remains of the Day,Kazuo Ishiguro,0.0,0,1455.0,16
Rebecca,Daphne du Maurier,4.25,660122,1412.0,16
The Great Gatsby,F. Scott Fitzgerald,3.93,5446733,1398.0,18
Atonement,Ian McEwan,0.0,0,1395.0,17
A Clockwork Orange,Anthony Burgess,4.0,732768,1315.0,15
Rosemary’s Baby (Rosemary's Baby\, #1),Ira Levin,4.04,147694,1291.0,14
The Two Towers (The Lord of the Rings\, #2),J.R.R. Tolkien,4.49,1021366,1267.0,16
The Hitchhiker’s Guide to the Galaxy (Hitchhiker's Guide to the Galaxy\, #1),Douglas Adams,4.23,1902173,1227.0,14
Fight Club,Chuck Palahniuk,0.0,0,1154.0,14
Do Androids Dream of Electric Sheep?,Philip K. Dick,4.09,471905,1146.0,13
2001: A Space Odyssey (Space Odyssey\, #1),Arthur C. Clarke,4.17,321727,1130.0,13
Little Women,Louisa May Alcott,4.16,2308165,1116.0,14
My Sister’s Keeper,Jodi Picoult,0.0,0,1075.0,12
The Name of the Rose,Umberto Eco,4.14,375300,1061.0,12
Angels & Demons (Robert Langdon\, #1),Dan       Brown,0.0,0,1058.0,13
Hamlet,William Shakespeare,4.02,986382,1057.0,13
Heidi,Johanna Spyri,4.03,204080,1056.0,12
Doctor Zhivago,Boris Pasternak,4.01,98745,1056.0,14
Howards End,E.M. Forster,3.96,91636,1040.0,12
Never Let Me Go,Kazuo Ishiguro,0.0,0,1040.0,11
Much Ado About Nothing,William Shakespeare,4.06,249535,1037.0,12
Fried Green Tomatoes at the Whistle Stop Cafe,Fannie Flagg,4.28,314065,1019.0,12
Peter Pan,J.M. Barrie,4.04,356015,995.0,12
Lord of the Flies,William Golding,3.7,2999686,990.0,12
Planet of the Apes,Pierre Boulle,3.99,45603,974.0,11
Psycho (Psycho\, #1),Robert Bloch,4.12,71293,968.0,11
Shutter Island,Dennis Lehane,0.0,0,954.0,10
The Body,Robin Waterfield,0.0,0,952.0,10
Fahrenheit 451,Ray Bradbury,3.96,2541368,942.0,12
The War of the Worlds,H.G. Wells,3.83,326206,915.0,11
The Bone Collector (Lincoln Rhyme\, #1),Jeffery Deaver,0.0,0,910.0,11
A Midsummer Night’s Dream,William Shakespeare,3.94,553628,881.0,12
The Firm,Robin Waterfield,0.0,0,876.0,10
84\, Charing Cross Road,Helene Hanff,4.16,87654,847.0,10
Emma,Jane Austen,4.05,915249,847.0,11
Watership Down (Watership Down\, #1),Richard  Adams,4.09,489664,826.0,10
Frankenstein,Mary Wollstonecraft Shelley,3.88,1678476,825.0,11
The Maltese Falcon,Dashiell Hammett,3.87,110085,824.0,9
The Grapes of Wrath,John Steinbeck,4.01,935320,785.0,10
Chocolat (Chocolat\, #1),Joanne Harris,0.0,0,778.0,10
Slumdog Millionaire,Vikas Swarup,4.02,36788,776.0,9
The World According To Garp,John Irving,0.0,0,741.0,9
The Prince of Tides,Pat Conroy,4.25,211461,721.0,9
Mystic River,Dennis Lehane,0.0,0,706.0,9
Cape Fear,John D. MacDonald,4.05,14341,702.0,9
Terms of Endearment,Larry McMurtry,4.14,25751,698.0,9
Stardust,Neil Gaiman,0.0,0,696.0,8
Schindler’s List,Thomas Keneally,4.34,162228,687.0,9
Sophie’s Choice,William Styron,4.17,92360,673.0,9
The Cider House Rules,John Irving,0.0,0,667.0,8
Red Dragon (Hannibal Lecter\, #1),Thomas  Harris,4.06,347130,654.0,8
The Lost World (Jurassic Park\, #2),Michael Crichton,3.86,162839,652.0,9
The Pelican Brief,John Grisham,0.0,0,650.0,8
A Time to Kill (Jake Brigance\, #1),John Grisham,0.0,0,638.0,8
Trainspotting,Irvine Welsh,4.11,170998,627.0,7
Midnight in the Garden of Good and Evil,John Berendt,3.92,280220,627.0,9
Water for Elephants,Sara Gruen,0.0,0,603.0,7
The Last of the Mohicans (The Leatherstocking Tales\, #2),James Fenimore Cooper,3.7,97917,599.0,9
The Thin Red Line,James  Jones,3.99,14081,594.0,7
Kiss the Girls (Alex Cross\, #2),James Patterson,0.0,0,583.0,7
Apollo 13,Jim Lovell,4.38,9274,579.0,7
About a Boy,Nick Hornby,3.8,138253,570.0,7
The Three Musketeers,Alexandre Dumas,4.09,333382,565.0,8
Sleeping with the Enemy,Nancy  Price,4.0,9119,563.0,8
Circle of Friends,Maeve Binchy,4.07,66437,559.0,7
The Reader,Bernhard Schlink,3.78,218103,559.0,7
Picnic at Hanging Rock,Joan Lindsay,3.66,26870,554.0,7
The Prime of Miss Jean Brodie,Muriel Spark,3.7,57019,549.0,8
What Was She Thinking? [Notes on a Scandal],Zoë Heller,3.73,24005,547.0,7
In Cold Blood,Truman Capote,4.09,683526,538.0,7
In Her Shoes,Jennifer Weiner,0.0,0,537.0,7
Bambi: A Life in the Woods,Felix Salten,4.12,36861,537.0,6
The Handmaid’s Tale (The Handmaid's Tale\, #1),Margaret Atwood,0.0,0,530.0,7
Red Dragon and The Silence of the Lambs,Thomas  Harris,4.48,6082,520.0,7
The Other Boleyn Girl (The Plantagenet and Tudor Novels\, #9),Philippa Gregory,0.0,0,519.0,7
It [Eso],Stephen        King,0.0,0,514.0,7
Tinker\, Tailor\, Soldier\, Spy,John Le Carré,4.06,98144,503.0,7
The Caine Mutiny,Herman Wouk,4.29,25850,502.0,7
Howl's Moving Castle (Howl's Moving Castle\, #1),Diana Wynne Jones,4.29,389785,501.0,6
A Little Princess,Frances Hodgson Burnett,4.22,312875,500.0,7
One for the Money (Stephanie Plum\, #1),Janet Evanovich,0.0,0,498.0,6
The Stepford Wives,Ira Levin,3.86,45460,491.0,7
Persuasion,Jane Austen,4.15,725449,467.0,6
Where the Red Fern Grows,Wilson Rawls,4.12,418511,464.0,5
The Fellowship of the Ring (The Lord of the Rings\, #1),J.R.R. Tolkien,4.4,2892560,448.0,6
Out of Africa,Isak Dinesen,3.91,45392,446.0,6
Gone\, Baby\, Gone (Kenzie & Gennaro\, #4),Dennis Lehane,0.0,0,445.0,6
Life of Pi,Yann Martel,3.94,1670236,439.0,5
The Dead Zone,Stephen        King,0.0,0,437.0,5
What Dreams May Come,Richard Matheson,3.96,14221,434.0,5
Girl with a Pearl Earring,Tracy Chevalier,0.0,0,434.0,6
Romeo and Juliet,William Shakespeare,3.74,2675188,433.0,5
The English Patient,Michael Ondaatje,3.86,134819,432.0,6
12 Years a Slave,Solomon Northup,4.22,120144,429.0,5
The Fault in Our Stars,John Green,0.0,0,428.0,5
Twilight,Stephenie Meyer,3.66,6825386,420.0,5
Death on the Nile (Hercule Poirot\, #18),Agatha Christie,4.12,276075,414.0,5
Dolores Claiborne,Stephen        King,0.0,0,412.0,5
The Girl on the Train,Paula Hawkins,0.0,0,395.0,5
The Pillars of the Earth (Kingsbridge\, #1),Ken Follett,0.0,0,392.0,6
Divergent (Divergent\, #1),Veronica Roth,0.0,0,391.0,5
The Commitments (The Barrytown Trilogy\, #1; Jimmy Rabbitte\, #1),Roddy Doyle,3.92,16743,390.0,5
The Woman in Black,Susan         Hill,3.75,74155,388.0,6
A Passage To India,E.M. Forster,3.68,82359,387.0,5
Rabbit-Proof Fence,Doris Pilkington,3.69,8265,387.0,6
Brokeback Mountain,Annie Proulx,4.0,46751,384.0,5
The Hours,Michael Cunningham,0.0,0,383.0,5
Snow Falling on Cedars,David Guterson,3.86,189817,376.0,5
V for Vendetta,Steve Moore,4.15,3376,370.0,5
Interview with the Vampire (The Vampire Chronicles\, #1),Anne Rice,4.02,612106,370.0,5
The Return of the King (The Lord of the Rings\, #3),J.R.R. Tolkien,4.57,949955,368.0,5
Valley of the Dolls,Jacqueline Susann,3.84,71527,365.0,5
Empire of the Sun,J.G. Ballard,3.98,21296,357.0,5
Zorba the Greek,Nikos Kazantzakis,4.04,53975,357.0,6
Contact,Carl Sagan,4.15,146546,354.0,4
The Running Man,Richard Bachman,0.0,0,353.0,5
Old Yeller,Fred Gipson,4.1,100104,350.0,5
The Accidental Tourist,Anne Tyler,0.0,0,350.0,4
New Moon (The Twilight Saga\, #2),Stephenie Meyer,3.6,1997250,349.0,5
Extremely Loud & Incredibly Close,Jonathan Safran Foer,0.0,0,348.0,4
Apt Pupil,Stephen        King,0.0,0,345.0,4
Beaches,Iris Rainer Dart,4.15,15050,345.0,4
The Mosquito Coast,Paul Theroux,3.81,13153,329.0,5
How to Train Your Dragon (How to Train Your Dragon\, #1),Cressida Cowell,3.91,50744,328.0,4
The Painted Veil,W. Somerset Maugham,3.97,48043,325.0,4
Along Came a Spider (Alex Cross\, #1),James Patterson,0.0,0,322.0,5
Sarah\, Plain and Tall (Sarah\, Plain and Tall\, #1),Patricia MacLachlan,3.83,87707,320.0,4
The Time Traveler’s Wife,Audrey Niffenegger,0.0,0,318.0,5
The General's Daughter,Nelson DeMille,4.11,64624,317.0,4
Giant,Edna Ferber,4.02,3549,310.0,4
The Spy Who Came In from the Cold (George Smiley\, #3),John Le Carré,4.08,115454,309.0,6
Primal Fear (Vail/Stampler\, #1),William Diehl,4.24,9763,303.0,4
Modern Classics Maurice,E.M. Forster,4.08,50890,296.0,4
Under the Tuscan Sun: At Home in Italy,Frances Mayes,0.0,0,294.0,4
Presumed Innocent (Kindle County Legal Thriller\, #1),Scott Turow,0.0,0,292.0,5
Catching Fire (The Hunger Games\, #2),Suzanne Collins,4.33,3745548,286.0,4
Little Children,Tom Perrotta,3.64,32465,284.0,3
The Third Man,Graham Greene,3.79,15502,278.0,4
Vanity Fair,William Makepeace Thackeray,3.8,130090,277.0,4
The Minority Report,Philip K. Dick,3.85,23386,275.0,3
Nothing Lasts Forever (Die Hard\, #1),Roderick Thorp,3.54,3011,269.0,3
The Old Man and the Sea,Ernest Hemingway,3.8,1204605,268.0,4
Paper Towns,John Green,0.0,0,268.0,3
Coma,Robin Cook,0.0,0,267.0,3
Where the Heart Is,Billie Letts,4.04,250415,267.0,3
Catch-22,Joseph Heller,3.99,847744,266.0,5
The Go-Between,L.P. Hartley,4.0,12880,265.0,4
Disgrace,J.M. Coetzee,3.85,110122,262.0,3
The Sun Also Rises,Ernest Hemingway,3.79,460632,260.0,4
On the Beach,Nevil Shute,3.97,46248,257.0,4
Slaughterhouse-Five,Kurt Vonnegut Jr.,4.1,1403433,255.0,4
Possession,A.S. Byatt,3.89,81608,255.0,3
Memoirs of a Geisha,Arthur Golden,4.15,2040158,255.0,4
Edge of Tomorrow,Hiroshi Sakurazaka,4.03,22543,253.0,3
A Tree Grows in Brooklyn & Maggie-Now,Betty  Smith,4.42,1273,248.0,4
Charlotte’s Web,E.B. White,4.2,1909794,248.0,3
The Wolfman,Jonathan Maberry,0.0,0,245.0,3
Angela’s Ashes (Frank McCourt\, #1),Frank McCourt,4.15,639799,245.0,4
Divine Secrets of the Ya-Ya Sisterhood,Rebecca Wells,0.0,0,244.0,3
Magnificent Obsession,Lloyd C. Douglas,3.86,2080,242.0,4
Something Wicked This Way Comes,Ray Bradbury,3.91,140684,239.0,3
The Shipping News,Annie Proulx,3.88,148310,239.0,3
The Lincoln Lawyer (The Lincoln Lawyer\, #1; Harry Bosch Universe\, #16),Michael    Connelly,0.0,0,238.0,4
House of Sand and Fog,Andre Dubus III,3.86,134264,236.0,3
The Secret Garden,Frances Hodgson Burnett,4.16,1215351,236.0,4
The Neverending Story,Michael Ende,4.18,208268,235.0,3
The Amityville Horror,Jay Anson,3.83,133916,233.0,3
A Single Man,Christopher Isherwood,4.06,34955,233.0,3
Flowers in the Attic (Dollanganger\, #1),V.C. Andrews,3.85,222985,231.0,3
From the Terrace,John O'Hara,3.92,438,229.0,3
Le relazioni pericolose,Pierre Choderlos de Laclos,4.06,55135,228.0,3
Alice’s Adventures in Wonderland / Through the Looking-Glass,Lewis Carroll,4.06,580004,226.0,3
The Brothers Karamazov,Fyodor Dostoevsky,4.38,346565,224.0,4
Hearts in Atlantis,Stephen        King,0.0,0,222.0,3
Mutiny on the Bounty,Charles Bernard Nordhoff,4.01,15150,220.0,3
I Am Number Four (Lorien Legacies\, #1),Pittacus Lore,3.93,345852,220.0,3
Anne of Avonlea (Anne of Green Gables\, #2),L.M. Montgomery,4.23,208609,220.0,3
اوليفر تويست,Charles Dickens,3.88,404518,219.0,3
Mockingjay (The Hunger Games\, #3),Suzanne Collins,4.1,3367961,217.0,3
The Color of Magic (Discworld\, #1; Rincewind\, #1),Terry Pratchett,4.0,399447,216.0,3
The Man in the Iron Mask,Alexandre Dumas,3.99,78086,213.0,3
Hannibal Rising (Hannibal Lecter\, #4),Thomas  Harris,3.56,50068,212.0,3
Breaking Dawn (The Twilight Saga\, #4),Stephenie Meyer,3.74,1765241,211.0,3
Tintenherz (Tintenwelt\, #1),Cornelia Funke,0.0,0,210.0,3
Corelli’s Mandolin,Louis de Bernières,4.02,88518,209.0,4
Hogfather (Discworld\, #20; Death\, #4),Terry Pratchett,4.26,96963,209.0,3
The Moonstone,Wilkie Collins,3.91,95235,207.0,4
The Corrections,Jonathan Franzen,3.84,188304,206.0,3
Casino Royale (James Bond\, #1),Ian Fleming,3.74,88555,201.0,3
The Demonologist: The Extraordinary Career of Ed & Lorraine Warren,Gerald Brittle,3.89,8783,199.0,2
The Boys from Brazil,Ira Levin,4.06,39373,198.0,4
Being There,Jerzy Kosiński,3.86,14185,197.0,2
Empire Falls,Richard Russo,0.0,0,196.0,2
The Young Lions,Irwin Shaw,4.23,4347,196.0,3
Looking for Mr. Goodbar,Judith Rossner,3.67,6539,196.0,4
The Bridge Over the River Kwai,Pierre Boulle,3.95,10018,195.0,4
A River Runs Through It,Norman Maclean,4.15,10818,194.0,3
Going Postal (Discworld\, #33; Moist von Lipwig\, #1),Terry Pratchett,4.41,128435,192.0,2
Prince Caspian (Chronicles of Narnia\, #2),C.S. Lewis,3.98,454247,191.0,3
A Kestrel for a Knave,Barry Hines,4.06,7259,187.0,3
The Puppet Masters,Robert A. Heinlein,3.89,33419,185.0,3
Saturday Night and Sunday Morning,Alan Sillitoe,3.81,5102,183.0,3
Mommie Dearest,Christina Crawford,0.0,0,178.0,3
The Natural,Bernard Malamud,3.62,11912,178.0,2
The Ice Storm,Rick Moody,3.65,5998,175.0,3
Crossing Delancey,Susan Sandler,3.86,65,175.0,3
Scarlett,Alexandra Ripley,3.65,66147,172.0,2
The Mission,Robert Bolt,3.76,126,170.0,2
Jean de Florette & Manon of the Springs,Marcel Pagnol,4.35,1367,170.0,2
The Chocolate War (Chocolate War\, #1),Robert Cormier,3.49,45824,169.0,2
Mrs. Frisby and the Rats of NIMH (Rats of NIMH\, #1),Robert C. O'Brien,4.17,181314,169.0,2
The Postman,David Brin,0.0,0,168.0,2
Death in Venice,Thomas Mann,3.74,77102,164.0,2
They Shoot Horses\, Don't They?,Horace McCoy,3.86,10605,164.0,4
Election,Tom Perrotta,3.81,12338,164.0,2
The Secret Life of Bees,Sue Monk Kidd,0.0,0,164.0,2
Hawaii,James A. Michener,4.21,79752,163.0,3
Sherlock: The Hound of the Baskervilles,Arthur Conan Doyle,4.13,360181,161.0,2
The Adventures of Tom Sawyer,Mark Twain,3.92,962882,160.0,2
The Jungle Book (Jungle Book\, #1),Rudyard Kipling,3.9,126979,160.0,2
The Five People You Meet in Heaven: A Fable,Mitch Albom,0.0,0,158.0,2
I Heard the Owl Call My Name,Margaret Craven,4.04,8408,158.0,2
I\, Robot (Robot\, #0.1),Isaac Asimov,4.21,357298,155.0,2
Brooklyn,Colm Tóibín,3.73,134385,153.0,2
A Painted House,John Grisham,0.0,0,150.0,2
Eugene Onegin,Alexander Pushkin,4.1,66717,149.0,2
The Howling,Gary Brandner,3.95,14184,148.0,2
Black Like Me,John Howard Griffin,4.11,68550,146.0,3
Le Morte d'Arthur: King Arthur and the Legends of the Round Table,Thomas Malory,3.92,38265,145.0,2
A Streetcar Named Desire,Tennessee Williams,3.98,322708,145.0,2
The Dressmaker (Dressmaker\, #1),Rosalie Ham,3.43,18839,140.0,2
Fever Pitch,Nick Hornby,3.77,41961,139.0,2
The Light Between Oceans,M.L. Stedman,0.0,0,138.0,2
Heartburn,Nora Ephron,3.62,72674,137.0,3
Deliverance,James Dickey,3.89,33051,134.0,2
Shock to the System (Donald Strachey\, #5),Richard Stevenson,4.05,322,133.0,2
Tarzan of the Apes (Tarzan\, #1),Edgar Rice Burroughs,3.9,46054,133.0,2
Casino,Nicholas Pileggi,4.05,6913,129.0,2
The Birds and Other Stories,Daphne du Maurier,4.05,13163,128.0,3
Dune (Dune\, #1),Frank Herbert,4.28,1469973,128.0,2
The Nanny Diaries (Nanny\, #1),Emma McLaughlin,0.0,0,125.0,2
Make Room! Make Room!,Harry Harrison,3.71,9058,123.0,2
Shining Through,Susan Isaacs,0.0,0,122.0,2
The Executioner's Song,Norman Mailer,4.05,22221,121.0,2
Compromising Positions (Judith Singer\, #1),Susan Isaacs,0.0,0,120.0,2
The Pianist: The Extraordinary Story of One Man's Survival in Warsaw\, 1939–45,Władysław Szpilman,4.25,78451,118.0,2
Wir Kinder vom Bahnhof Zoo,Christiane V. Felscherinow,4.35,67403,116.0,2
Kramer kontra Kramer,Avery Corman,3.86,2677,106.0,2
A Tree Grows in Brooklyn,Betty  Smith,4.3,481126,105.0,2
Who Censored Roger Rabbit? (Roger Rabbit\, #1),Gary K. Wolf,3.71,3744,100.0,0
Into the Wild,Jon Krakauer,0.0,0,100.0,0
After Hours (Basis for the film Carlito's Way starring Al Pacino),Edwin Torres,4.06,176,100.0,0
Prinsesse af Blodet,Bodil Steensen-Leth,3.31,36,100.0,0
Perfume: The Story of a Murderer,Patrick Süskind,4.04,497630,100.0,0
The Once and Future King,T.H. White,4.07,114442,100.0,2
The Squaw Man,Julie Opp Faversham,3.0,6,100.0,0
Jamaica Inn,Daphne du Maurier,3.89,53493,100.0,0
The Lost World (Professor Challenger\, #1),Arthur Conan Doyle,3.93,69140,100.0,0
The Man in the Brown Suit (Colonel Race #1),Agatha Christie,3.95,116124,100.0,0
Shadow and Bone (Shadow and Bone\, #1),Leigh Bardugo,0.0,0,100.0,0
The Lucky One,Nicholas Sparks,0.0,0,100.0,0
Jessica Darling's It List: The (Totally Not) Guaranteed Guide to Popularity\, Prettiness & Perfection,Megan McCafferty,0.0,0,100.0,0
Dune (Dune\, #1),Frank Herbert,4.28,1469973,100.0,0
I'm Not Scared,Niccolò Ammaniti,3.89,31345,99.0,0
Eddie and the Cruisers,P.F. Kluge,3.92,411,99.0,0
And Then There Were None,Agatha Christie,4.28,1444299,99.0,0
Holes (Holes\, #1),Louis Sachar,0.0,0,99.0,0
Geek Girl (Geek Girl\, #1),Holly Smale,0.0,0,99.0,0
The Light in the Piazza,Elizabeth Spencer,3.51,534,98.0,0
Rumpole for the Defence,John Mortimer,4.11,699,98.0,2
Little Big Man,Thomas Berger,4.27,8432,98.0,0
The Adjustment Bureau and Other Classic Stories,Philip K. Dick,3.7,53,98.0,0
The Phantom of the Opera,Gaston Leroux,3.96,254864,98.0,0
Dear John,Nicholas Sparks,0.0,0,97.0,0
The Loneliness of the Long-Distance Runner,Alan Sillitoe,3.78,6834,97.0,2
The Sweet Hereafter,Russell Banks,3.87,9852,96.0,0
An American Tragedy,Theodore Dreiser,3.96,37565,96.0,2
The Wars of the Roses (Men at Arms Series\, 145) (Men-at-Arms\, 145),Terence Wise,3.84,44,96.0,2
Revolutionary Road,Richard Yates,3.93,90180,96.0,0
The Capture (Guardians of Ga'Hoole\, #1),Kathryn Lasky,3.93,29190,95.0,0
The Adventures of Robin Hood,Roger Lancelyn Green,4.07,13981,95.0,0
Tous les matins du monde,Pascal Quignard,3.44,2609,94.0,0
Tomorrow\, When the War Began (Tomorrow\, #1),John Marsden,4.04,57852,94.0,0
Rita Hayworth and Shawshank Redemption,Stephen        King,0.0,0,94.0,0
Violent Saturday,W. L. Heath,3.98,54,93.0,0
Tell Me That You Love Me\, Junie Moon,Marjorie Kellogg,3.79,506,92.0,0
Abraham Lincoln: Vampire Hunter,Seth Grahame-Smith,0.0,0,92.0,0
The King's Damosel,Vera Chapman,3.46,284,92.0,0
Henry V,William Shakespeare,3.85,51046,92.0,0
Eclipse,Stephenie Meyer,3.73,1875262,92.0,0
The Secret of Santa Vittoria,Robert Crichton,4.17,1258,91.0,0
Around the World in Eighty Days,Jules Verne,3.94,259786,91.0,2
The Guernsey Literary and Potato Peel Pie Society,Mary Ann Shaffer,4.19,773006,91.0,2
Outlander (Outlander\, #1),Diana Gabaldon,0.0,0,91.0,0
The Night of the Hunter,Davis Grubb,4.19,2545,90.0,2
Devil in a Blue Dress (Easy Rawlins\, #1),Walter Mosley,3.87,28156,90.0,0
Jean de Florette,Marcel Pagnol,4.18,2411,90.0,0
Three-Ten to Yuma and Other Stories,Elmore Leonard,3.95,2722,89.0,0
Third Man Out (Donald Strachey\, #4),Richard Stevenson,4.1,401,89.0,0
Manon des sources,Marcel Pagnol,4.23,2310,88.0,0
Redwall (Redwall\, #1),Brian Jacques,4.14,123035,88.0,2
The World of Winnie-the-Pooh (Winnie-the-Pooh\, #1-2),A.A. Milne,4.42,47987,88.0,0
Pascali's Island,Barry Unsworth,3.51,408,87.0,0
Marianne Dreams (The Magic Drawing Pencil\, #1),Catherine Storr,4.14,1496,86.0,0
Mattimeo (Redwall\, #3),Brian Jacques,4.08,36206,85.0,2
A Good Year,Peter Mayle,3.7,9959,84.0,0
Journey to the Center of the Earth,Jules Verne,3.85,208772,84.0,2
The Polar Express,Chris Van Allsburg,4.32,243448,84.0,0
Shane,Jack Schaefer,3.94,13672,83.0,0
The Beans of Egypt\, Maine,Carolyn Chute,3.58,3742,81.0,2
The Millennium Trilogy (Millennium Trilogy\, #1-3),Stieg Larsson,4.47,56314,81.0,2
عدالة السماء (Hercule Poirot\, #25),Agatha Christie,4.03,80825,80.0,2
Waking the Dead,Scott   Spencer,3.84,454,80.0,0
The Incredible Journey,Sheila Burnford,4.16,51999,80.0,0
Communion: A True Story,Whitley Strieber,0.0,0,79.0,2
Quiet American,Graham Greene,3.97,65850,79.0,0
Demon Seed,Dean Koontz,0.0,0,78.0,0
The Private Life of Sherlock Holmes,Michael Hardwick,3.7,143,78.0,0
The Journey (Guardians of Ga'Hoole\, #2),Kathryn Lasky,4.02,14866,78.0,0
Fair Game: My Life as a Spy\, My Betrayal by the White House,Valerie Plame Wilson,3.58,2791,77.0,2
The Rescue (Guardians of Ga'Hoole\, #3),Kathryn Lasky,4.08,13015,77.0,0
Raintree County,Ross Lockridge Jr.,3.98,1092,75.0,2
Red Dog,Louis de Bernières,3.8,4247,75.0,0
’Salem’s Lot,Stephen        King,0.0,0,75.0,2
The Entity,Frank De Felitta,3.76,2002,74.0,0
Blue Dog,Louis de Bernières,3.95,970,74.0,0
The Chosen (Reuven Malther\, #1),Chaim Potok,4.07,94873,73.0,0
The Fixer,Bernard Malamud,3.98,11570,73.0,0
The Septembers of Shiraz,Dalia Sofer,3.83,8198,73.0,0
The Brothers Lionheart,Astrid Lindgren,4.35,39052,72.0,0
The Descendants,Kaui Hart Hemmings,0.0,0,72.0,0
A Wrinkle in Time (A Wrinkle in Time Quintet\, #1),Madeleine L'Engle,3.98,1230304,72.0,0
Hideaway,Dean Koontz,0.0,0,71.0,0
The Blackboard Jungle,Evan Hunter,3.92,798,69.0,2
Summer of Fear,Lois Duncan,3.82,5661,68.0,0
Basil of Baker Street (Basil of Baker Street\, #1),Eve Titus,3.92,2562,68.0,0
Primary Colors,Anonymous,3.62,6050,67.0,2
The 101 Dalmatians (The Hundred and One Dalmatians\, #1),Dodie Smith,4.12,37431,67.0,0
The Little White Horse,Elizabeth Goudge,4.09,14308,66.0,0
Watchmen,Alan             Moore,0.0,0,66.0,0
The Deep End of the Ocean (Cappadora Family\, #1),Jacquelyn Mitchard,0.0,0,65.0,0
The Little Mermaid,Hans Christian Andersen,3.97,29738,65.0,0
The Fury,John Farris,3.29,670,64.0,0
Captains Courageous,Rudyard Kipling,3.86,21731,64.0,0
The Miniaturist,Jessie Burton,3.62,146874,64.0,0
2010: Odyssey Two,Arthur C. Clarke,3.95,58708,63.0,0
A High Wind in Jamaica,Richard Hughes,3.77,10104,62.0,0
The Day of the Jackal,Frederick Forsyth,4.27,136803,62.0,3
The Grifters,Jim Thompson,3.93,11727,62.0,2
The Bookshop,Penelope Fitzgerald,3.28,24837,62.0,0
The White Tower,James Ramsey Ullman,3.76,75,61.0,0
The Queen's Necklace,Alexandre Dumas,3.87,2019,61.0,0
Simon vs the Homo Sapiens Agenda,Becky Albertalli,0.0,0,61.0,0
A Dog's Purpose (A Dog's Purpose\, #1),W. Bruce Cameron,0.0,0,60.0,0
Catholics,Brian Moore,3.74,671,59.0,0
A Monster Calls,Patrick Ness,4.35,274031,59.0,0
Tulip Fever,Deborah Moggach,0.0,0,58.0,0
The Snake Pit,Mary Jane Ward,4.0,676,57.0,2
A Night to Remember,Walter Lord,4.09,26064,56.0,0
Misty of Chincoteague (Misty\, #1),Marguerite Henry,4.07,46345,56.0,0
Night Must Fall: a Play in Three Acts,Emlyn Williams,3.68,112,55.0,2
Marie Antoinette: The Journey,Antonia Fraser,3.93,37499,55.0,0
Hideous Kinky,Esther Freud,3.51,3854,55.0,0
Love and War (North and South\, #2),John Jakes,4.14,18563,55.0,0
The Treasure of the Sierra Madre,B. Traven,4.1,2821,54.0,0
Jasper Jones,Craig Silvey,0.0,0,54.0,0
That Was Then\, This Is Now,S.E. Hinton,0.0,0,54.0,0
Martin the Warrior (Redwall\, #6),Brian Jacques,4.16,44030,53.0,0
Escape to Witch Mountain,Alexander Key,3.9,3591,53.0,0
Sometimes a Great Notion,Ken Kesey,4.26,22957,52.0,0
The Englishman Who Went Up a Hill and Came Down a Mountain,Christopher Monger,3.96,225,52.0,0
The Sword in the Stone (The Once and Future King\, #1),T.H. White,3.89,27245,51.0,0
Up the Down Staircase,Bel Kaufman,3.96,10206,51.0,0
The Last Unicorn (The Last Unicorn\, #1),Peter S. Beagle,0.0,0,50.0,0
West Side Story,Irving Shulman,4.11,19403,50.0,0
Outside Over There,Maurice Sendak,3.87,3925,49.0,0
The Rachel Papers,Martin Amis,3.58,10914,49.0,0
A Room with a View,E.M. Forster,3.9,190153,48.0,0
Blow-Up and Other Stories,Julio Cortázar,4.21,7523,47.0,0
Marathon Man,William Goldman,4.11,21229,47.0,2
The Basketball Diaries,Jim Carroll,3.99,31136,47.0,0
The Witches of Eastwick,John Updike,3.22,17787,46.0,0
The Little Girl Who Lives Down the Lane,Laird Koenig,3.87,2587,45.0,0
Somewhere In Time,Richard Matheson,3.85,8254,44.0,0
Straw Dogs,Gordon M. Williams,3.48,589,42.0,0
Gwendy's Button Box (The Button Box\, #1),Stephen        King,0.0,0,42.0,0
The Burning Bed: The True Story of an Abused Wife,Faith McNulty,4.26,1359,32.0,2
The Taking of Pelham One Two Three,John Godey,3.75,2340,30.0,0
The Man with the Golden Arm,Nelson Algren,3.87,3114,29.0,2
Such Good Friends,Lois Gould,3.16,75,24.0,0
Bright Lights\, Big City,Jay McInerney,0.0,0,22.0,0
At Play in the Fields of the Lord,Peter Matthiessen,4.03,3180,19.0,0
Deep Cover,Michael     Levine,0.0,0,18.0,0
Any Human Heart,William  Boyd,4.28,24305,17.0,0
The Four Horsemen of the Apocalypse,Vicente Blasco Ibáñez,3.95,1834,12.0,0
